system:index,DEM,VH,VV,VV_VH_diff,azimuth,distance_m,hillshade,slope,.geo
0,1562.0,-27.388200759887695,-17.940216064453125,9.447985649108887,0,0,138,14.14587817591111,"{""type"":""Point"",""coordinates"":[-111.0228,35.027]}"
1,1563.0,-25.0466365814209,-16.384767532348633,8.66186809539795,0,30,128,16.995091694115363,"{""type"":""Point"",""coordinates"":[-111.0228,35.02727139497015]}"
2,1566.0,-20.051942825317383,-14.178417205810547,5.873525619506836,0,60,169,3.4980022304557354,"{""type"":""Point"",""coordinates"":[-111.0228,35.02754278994029]}"
3,1569.0,-27.928272247314453,-17.84551239013672,10.08276081085205,0,90,180,0.0,"{""type"":""Point"",""coordinates"":[-111.0228,35.02781418491044]}"
4,1571.0,-27.760520935058594,-17.494184494018555,10.266336441040039,0,120,191,3.498024210979881,"{""type"":""Point"",""coordinates"":[-111.0228,35.02808557988058]}"
5,1569.0,-27.17723274230957,-16.63382339477539,10.543410301208496,0,150,180,0.0,"{""type"":""Point"",""coordinates"":[-111.0228,35.02835697485073]}"
6,1567.0,-27.598478317260742,-15.410832405090332,12.18764591217041,0,180,169,3.4980493320922865,"{""type"":""Point"",""coordinates"":[-111.0228,35.02862836982088]}"
7,1566.0,-25.831008911132812,-14.646930694580078,11.184077262878418,0,210,180,0.0,"{""type"":""Point"",""coordinates"":[-111.0228,35.02889976479103]}"
8,1567.0,-24.80755043029785,-13.983256340026855,10.824294090270996,0,240,191,3.4980713135148522,"{""type"":""Point"",""coordinates"":[-111.0228,35.02917115976117]}"
9,1571.0,-23.72660255432129,-14.070029258728027,9.656574249267578,0,270,202,6.970282394819074,"{""type"":""Point"",""coordinates"":[-111.0228,35.02944255473132]}"
10,1575.0,-21.378225326538086,-12.108741760253906,9.269484519958496,0,300,191,3.4980932953566852,"{""type"":""Point"",""coordinates"":[-111.0228,35.029713949701474]}"
11,1579.0,-18.8101863861084,-9.827749252319336,8.982437133789062,0,330,169,3.498105856597404,"{""type"":""Point"",""coordinates"":[-111.0228,35.02998534467161]}"
12,1585.0,-16.522151947021484,-9.371330261230469,7.150821685791016,0,360,148,10.391942021177805,"{""type"":""Point"",""coordinates"":[-111.0228,35.03025673964176]}"
13,1594.0,-16.79109764099121,-6.465012073516846,10.326086044311523,0,390,158,6.970375564185587,"{""type"":""Point"",""coordinates"":[-111.0228,35.0305281346119]}"
14,1607.0,-14.93375015258789,-7.631255626678467,7.302494525909424,0,420,158,6.970394198512519,"{""type"":""Point"",""coordinates"":[-111.0228,35.03079952958206]}"
15,1624.0,-15.737383842468262,-8.891807556152344,6.845576763153076,0,450,169,3.498152962469414,"{""type"":""Point"",""coordinates"":[-111.0228,35.031070924552196]}"
16,1643.0,-15.998526573181152,-8.384116172790527,7.614410400390625,0,480,191,3.4981655243604357,"{""type"":""Point"",""coordinates"":[-111.0228,35.03134231952234]}"
17,1658.0,-14.735636711120605,-8.18816089630127,6.547475814819336,0,510,188,42.58285868192219,"{""type"":""Point"",""coordinates"":[-111.0228,35.031613714492494]}"
18,1674.0,-12.602668762207031,-6.147159099578857,6.455509185791016,0,540,169,3.4981875079991562,"{""type"":""Point"",""coordinates"":[-111.0228,35.03188510946264]}"
19,1696.0,-12.157527923583984,-6.987478256225586,5.170050144195557,0,570,169,3.498200070266674,"{""type"":""Point"",""coordinates"":[-111.0228,35.03215650443278]}"
20,1707.0,-16.77182960510254,-8.46902084350586,8.302809715270996,0,600,180,33.91861382394745,"{""type"":""Point"",""coordinates"":[-111.0228,35.032427899402926]}"
21,1708.0,-22.36236572265625,-12.612656593322754,9.74970817565918,0,630,202,7.783755370350995,"{""type"":""Point"",""coordinates"":[-111.0228,35.032699294373074]}"
22,1701.0,-23.298686981201172,-15.512825965881348,7.785860538482666,0,660,180,23.167140349040586,"{""type"":""Point"",""coordinates"":[-111.0228,35.03297068934322]}"
23,1702.0,-26.83574867248535,-17.71514129638672,9.120606422424316,0,690,213,10.94122307579809,"{""type"":""Point"",""coordinates"":[-111.0228,35.03324208431337]}"
24,1706.0,-28.813932418823242,-19.388811111450195,9.425122261047363,0,720,222,19.076166263194875,"{""type"":""Point"",""coordinates"":[-111.0228,35.03351347928352]}"
25,1705.0,-20.547035217285156,-11.615270614624023,8.93176555633545,0,750,213,10.941299954642743,"{""type"":""Point"",""coordinates"":[-111.0228,35.033784874253655]}"
26,1700.0,-18.63132095336914,-10.2471342086792,8.384185791015625,0,780,191,17.313087078137027,"{""type"":""Point"",""coordinates"":[-111.0228,35.03405626922382]}"
27,1696.0,-18.381006240844727,-11.541629791259766,6.839375972747803,0,810,180,13.740933495086765,"{""type"":""Point"",""coordinates"":[-111.0228,35.03432766419397]}"
28,1692.0,-21.541412353515625,-13.15929126739502,8.382121086120605,0,840,170,14.147136873503287,"{""type"":""Point"",""coordinates"":[-111.0228,35.03459905916411]}"
29,1690.0,-22.04393196105957,-11.734756469726562,10.309175491333008,0,870,180,6.970742066159696,"{""type"":""Point"",""coordinates"":[-111.0228,35.03487045413426]}"
30,1690.0,-24.47071075439453,-15.165620803833008,9.30509090423584,0,900,180,0.0,"{""type"":""Point"",""coordinates"":[-111.0228,35.0351418491044]}"
31,1690.0,-25.577152252197266,-16.789337158203125,8.78781509399414,0,930,191,4.941267692119567,"{""type"":""Point"",""coordinates"":[-111.0228,35.03541324407455]}"
32,1687.0,-26.372468948364258,-15.734912872314453,10.637556076049805,0,960,180,6.970810404695913,"{""type"":""Point"",""coordinates"":[-111.0228,35.03568463904468]}"
33,1687.0,-26.955629348754883,-16.71522331237793,10.240407943725586,0,990,180,3.4983602507825293,"{""type"":""Point"",""coordinates"":[-111.0228,35.03595603401484]}"
34,1686.0,-26.1302490234375,-15.607605934143066,10.522643089294434,0,1020,169,3.498372815328613,"{""type"":""Point"",""coordinates"":[-111.0228,35.036227428984986]}"
35,1686.0,-25.50225067138672,-14.221929550170898,11.280320167541504,0,1050,180,0.0,"{""type"":""Point"",""coordinates"":[-111.0228,35.03649882395512]}"
36,1686.0,-26.63702392578125,-14.648371696472168,11.988651275634766,0,1080,191,4.941347353162907,"{""type"":""Point"",""coordinates"":[-111.0228,35.03677021892528]}"
37,1685.0,-26.834949493408203,-16.14322853088379,10.69172191619873,0,1110,191,4.941365056081948,"{""type"":""Point"",""coordinates"":[-111.0228,35.037041613895425]}"
38,1684.0,-27.03535270690918,-16.09981346130371,10.935538291931152,0,1140,191,7.7841913450870965,"{""type"":""Point"",""coordinates"":[-111.0228,35.037313008865574]}"
39,1682.0,-25.103269577026367,-14.942774772644043,10.160494804382324,0,1170,180,0.0,"{""type"":""Point"",""coordinates"":[-111.0228,35.037584403835716]}"
40,1680.0,-24.476478576660156,-14.965181350708008,9.511297225952148,0,1200,180,0.0,"{""type"":""Point"",""coordinates"":[-111.0228,35.037855798805865]}"
41,1680.0,-24.14787483215332,-13.753617286682129,10.394257545471191,0,1230,191,4.941431444280021,"{""type"":""Point"",""coordinates"":[-111.0228,35.03812719377601]}"
42,1679.0,-26.78240203857422,-15.96605396270752,10.816347122192383,0,1260,191,7.7842951587875255,"{""type"":""Point"",""coordinates"":[-111.0228,35.038398588746155]}"
43,1677.0,-27.97553062438965,-17.571924209594727,10.403604507446289,0,1290,180,0.0,"{""type"":""Point"",""coordinates"":[-111.0228,35.0386699837163]}"
44,1674.0,-27.41042137145996,-16.9017391204834,10.508682250976562,0,1320,169,3.498489040207271,"{""type"":""Point"",""coordinates"":[-111.0228,35.03894137868645]}"
45,1673.0,-27.190523147583008,-15.707254409790039,11.483269691467285,0,1350,169,4.941497834839703,"{""type"":""Point"",""coordinates"":[-111.0228,35.039212773656594]}"
46,1674.0,-28.699857711791992,-16.049808502197266,12.650049209594727,0,1380,180,0.0,"{""type"":""Point"",""coordinates"":[-111.0228,35.03948416862674]}"
47,1674.0,-28.463016510009766,-17.299297332763672,11.163719177246094,0,1410,169,3.498523595808729,"{""type"":""Point"",""coordinates"":[-111.0228,35.039755563596884]}"
48,1672.0,-29.91445541381836,-18.346628189086914,11.567829132080078,0,1440,169,3.4985361617387136,"{""type"":""Point"",""coordinates"":[-111.0228,35.04002695856703]}"
49,1671.0,-28.516904830932617,-17.66066551208496,10.85623836517334,0,1470,169,3.4985455862760557,"{""type"":""Point"",""coordinates"":[-111.0228,35.04029835353718]}"
50,1673.0,-28.879566192626953,-17.689664840698242,11.189900398254395,0,1500,180,0.0,"{""type"":""Point"",""coordinates"":[-111.0228,35.04056974850732]}"
51,1562.0,-27.388200759887695,-17.940216064453125,9.447985649108887,45,0,138,14.14587817591111,"{""type"":""Point"",""coordinates"":[-111.0228,35.027]}"
52,1562.0,-27.266075134277344,-17.608461380004883,9.657614707946777,45,30,169,3.4979865300620414,"{""type"":""Point"",""coordinates"":[-111.02256729167851,35.02719190522378]}"
53,1566.0,-27.90644073486328,-16.75705909729004,11.149382591247559,45,60,191,10.940463984182095,"{""type"":""Point"",""coordinates"":[-111.022334583357,35.02738381044754]}"
54,1566.0,-28.35218048095703,-17.786144256591797,10.566036224365234,45,90,180,0.0,"{""type"":""Point"",""coordinates"":[-111.02210187503547,35.027575715671304]}"
55,1565.0,-27.61807632446289,-17.13442611694336,10.483649253845215,45,120,180,0.0,"{""type"":""Point"",""coordinates"":[-111.02186916671398,35.027767620895084]}"
56,1563.0,-26.737531661987305,-17.689411163330078,9.048120498657227,45,150,180,6.970158174193002,"{""type"":""Point"",""coordinates"":[-111.02163645839246,35.027959526118856]}"
57,1563.0,-27.69197654724121,-16.618507385253906,11.073469161987305,45,180,180,3.498027350708798,"{""type"":""Point"",""coordinates"":[-111.02140375007097,35.02815143134263]}"
58,1563.0,-27.54971694946289,-15.589065551757812,11.960651397705078,45,210,191,3.498036771191635,"{""type"":""Point"",""coordinates"":[-111.02117104174944,35.028343336566394]}"
59,1565.0,-25.69236183166504,-14.078052520751953,11.614309310913086,45,240,202,7.783360980596946,"{""type"":""Point"",""coordinates"":[-111.02093833342794,35.028535241790166]}"
60,1568.0,-24.64682960510254,-12.969182014465332,11.677647590637207,45,270,213,12.429383484895752,"{""type"":""Point"",""coordinates"":[-111.02070562510644,35.02872714701394]}"
61,1570.0,-21.60027313232422,-11.27649211883545,10.32378101348877,45,300,202,6.970238916529142,"{""type"":""Point"",""coordinates"":[-111.02047291678493,35.028919052237704]}"
62,1575.0,-20.17947006225586,-11.381084442138672,8.798384666442871,45,330,191,10.940684968331688,"{""type"":""Point"",""coordinates"":[-111.02024020846343,35.029110957461484]}"
63,1582.0,-17.039518356323242,-10.14033317565918,6.899184703826904,45,360,180,20.141706714389333,"{""type"":""Point"",""coordinates"":[-111.0200075001419,35.029302862685256]}"
64,1586.0,-18.961694717407227,-10.461050987243652,8.500643730163574,45,390,220,26.23585831825598,"{""type"":""Point"",""coordinates"":[-111.01977479182041,35.02949476790902]}"
65,1599.0,-19.54622459411621,-11.105605125427246,8.440619468688965,45,420,242,20.14179006297907,"{""type"":""Point"",""coordinates"":[-111.0195420834989,35.02968667313279]}"
66,1606.0,-16.82338523864746,-12.55197811126709,4.271406173706055,45,450,255,34.875810371220325,"{""type"":""Point"",""coordinates"":[-111.01930937517739,35.02987857835656]}"
67,1615.0,-18.038570404052734,-11.18336009979248,6.855210304260254,45,480,255,28.818070463793582,"{""type"":""Point"",""coordinates"":[-111.01907666685587,35.03007048358033]}"
68,1637.0,-18.260074615478516,-12.485920906066895,5.7741546630859375,45,510,180,0.0,"{""type"":""Point"",""coordinates"":[-111.01884395853438,35.0302623888041]}"
69,1665.0,-18.727798461914062,-13.122764587402344,5.605035305023193,45,540,180,44.36502240111787,"{""type"":""Point"",""coordinates"":[-111.01861125021287,35.03045429402788]}"
70,1683.0,-19.119625091552734,-12.585344314575195,6.534280776977539,45,570,180,40.55754179705454,"{""type"":""Point"",""coordinates"":[-111.01837854189135,35.030646199251635]}"
71,1710.0,-19.02942657470703,-12.186086654663086,6.843339920043945,45,600,255,38.473859179203316,"{""type"":""Point"",""coordinates"":[-111.01814583356985,35.03083810447541]}"
72,1724.0,-16.50763511657715,-11.067808151245117,5.439827919006348,45,630,232,21.376582895746985,"{""type"":""Point"",""coordinates"":[-111.01791312524834,35.03103000969918]}"
73,1724.0,-17.273658752441406,-7.2196431159973145,10.054015159606934,45,660,169,10.940963620211132,"{""type"":""Point"",""coordinates"":[-111.01768041692682,35.03122191492296]}"
74,1718.0,-15.945220947265625,-6.303030014038086,9.642190933227539,45,690,118,20.142190147638022,"{""type"":""Point"",""coordinates"":[-111.01744770860532,35.031413820146724]}"
75,1706.0,-16.49505615234375,-7.622830867767334,8.872225761413574,45,720,122,27.416254912342854,"{""type"":""Point"",""coordinates"":[-111.01721500028381,35.031605725370504]}"
76,1698.0,-20.070106506347656,-11.241596221923828,8.828509330749512,45,750,180,6.970481160073635,"{""type"":""Point"",""coordinates"":[-111.01698229196231,35.03179763059427]}"
77,1696.0,-20.984838485717773,-12.61647891998291,8.368358612060547,45,780,158,6.970493584143285,"{""type"":""Point"",""coordinates"":[-111.01674958364079,35.031989535818035]}"
78,1696.0,-23.339677810668945,-13.16363525390625,10.176041603088379,45,810,169,3.4982000699906624,"{""type"":""Point"",""coordinates"":[-111.0165168753193,35.0321814410418]}"
79,1695.0,-20.156171798706055,-11.469773292541504,8.68639850616455,45,840,148,10.392207339485426,"{""type"":""Point"",""coordinates"":[-111.01628416699778,35.03237334626558]}"
80,1692.0,-21.090301513671875,-12.537028312683105,8.553274154663086,45,870,180,0.0,"{""type"":""Point"",""coordinates"":[-111.01605145867627,35.03256525148935]}"
81,1688.0,-20.75878143310547,-11.972513198852539,8.786267280578613,45,900,180,0.0,"{""type"":""Point"",""coordinates"":[-111.01581875035477,35.032757156713124]}"
82,1687.0,-22.37156867980957,-13.180466651916504,9.19110107421875,45,930,180,6.9705743379209215,"{""type"":""Point"",""coordinates"":[-111.01558604203325,35.03294906193689]}"
83,1686.0,-23.639286041259766,-14.207369804382324,9.431916236877441,45,960,191,10.941213465405472,"{""type"":""Point"",""coordinates"":[-111.01535333371174,35.033140967160655]}"
84,1683.0,-23.868120193481445,-12.812817573547363,11.055302619934082,45,990,180,0.0,"{""type"":""Point"",""coordinates"":[-111.01512062539024,35.03333287238443]}"
85,1681.0,-22.144916534423828,-12.795683860778809,9.349233627319336,45,1020,191,7.7838314870433845,"{""type"":""Point"",""coordinates"":[-111.01488791706872,35.0335247776082]}"
86,1682.0,-21.826648712158203,-12.338168144226074,9.488481521606445,45,1050,180,6.970642669851026,"{""type"":""Point"",""coordinates"":[-111.01465520874721,35.03371668283198]}"
87,1680.0,-24.003814697265625,-15.183686256408691,8.820127487182617,45,1080,180,0.0,"{""type"":""Point"",""coordinates"":[-111.01442250042571,35.03390858805574]}"
88,1678.0,-25.880569458007812,-15.632762908935547,10.247806549072266,45,1110,180,6.970673731290369,"{""type"":""Point"",""coordinates"":[-111.0141897921042,35.03410049327952]}"
89,1677.0,-26.10113525390625,-16.690717697143555,9.410418510437012,45,1140,180,3.4982911507219883,"{""type"":""Point"",""coordinates"":[-111.01395708378271,35.03429239850328]}"
90,1677.0,-25.886520385742188,-15.746785163879395,10.139735221862793,45,1170,169,3.498297432206001,"{""type"":""Point"",""coordinates"":[-111.01372437546118,35.03448430372706]}"
91,1677.0,-26.835979461669922,-16.39657974243164,10.439397811889648,45,1200,180,0.0,"{""type"":""Point"",""coordinates"":[-111.01349166713968,35.03467620895082]}"
92,1678.0,-25.924226760864258,-16.13991355895996,9.784313201904297,45,1230,180,3.4983162772875662,"{""type"":""Point"",""coordinates"":[-111.01325895881817,35.03486811417459]}"
93,1678.0,-26.024539947509766,-16.56639862060547,9.458141326904297,45,1260,180,0.0,"{""type"":""Point"",""coordinates"":[-111.01302625049667,35.035060019398365]}"
94,1678.0,-25.90346908569336,-14.306339263916016,11.597129821777344,45,1290,180,0.0,"{""type"":""Point"",""coordinates"":[-111.01279354217516,35.03525192462214]}"
95,1677.0,-24.92989730834961,-13.773455619812012,11.156441688537598,45,1320,169,4.941267691925114,"{""type"":""Point"",""coordinates"":[-111.01256083385366,35.03544382984591]}"
96,1678.0,-22.825855255126953,-13.597124099731445,9.228730201721191,45,1350,180,0.0,"{""type"":""Point"",""coordinates"":[-111.01232812553214,35.03563573506968]}"
97,1677.0,-21.944427490234375,-12.115511894226074,9.8289155960083,45,1380,169,3.4983571101624436,"{""type"":""Point"",""coordinates"":[-111.01209541721065,35.03582764029345]}"
98,1678.0,-23.308748245239258,-14.14061164855957,9.168135643005371,45,1410,180,3.4983633919813393,"{""type"":""Point"",""coordinates"":[-111.01186270888914,35.03601954551722]}"
99,1678.0,-23.746732711791992,-12.94159984588623,10.805132865905762,45,1440,180,3.49837281527446,"{""type"":""Point"",""coordinates"":[-111.0116300005676,35.036211450740986]}"
100,1679.0,-23.87659454345703,-13.758913040161133,10.117681503295898,45,1470,180,0.0,"{""type"":""Point"",""coordinates"":[-111.01139729224612,35.036403355964765]}"
101,1678.0,-22.538312911987305,-12.277931213378906,10.260381698608398,45,1500,180,0.0,"{""type"":""Point"",""coordinates"":[-111.0111645839246,35.03659526118853]}"
102,1562.0,-27.388200759887695,-17.940216064453125,9.447985649108887,90,0,138,14.14587817591111,"{""type"":""Point"",""coordinates"":[-111.0228,35.027]}"
103,1561.0,-26.094446182250977,-17.67469024658203,8.419754028320312,90,30,180,3.4979802497731702,"{""type"":""Point"",""coordinates"":[-111.02247090073566,35.027]}"
104,1563.0,-26.445756912231445,-17.8653564453125,8.580400466918945,90,60,191,3.4979802503508495,"{""type"":""Point"",""coordinates"":[-111.0221418014713,35.027]}"
105,1564.0,-27.69795799255371,-18.574756622314453,9.123201370239258,90,90,191,3.497980250074856,"{""type"":""Point"",""coordinates"":[-111.02181270220694,35.027]}"
106,1565.0,-27.6590576171875,-18.185760498046875,9.473296165466309,90,120,180,6.970077434376445,"{""type"":""Point"",""coordinates"":[-111.02148360294258,35.027]}"
107,1565.0,-25.68195152282715,-16.292095184326172,9.389856338500977,90,150,180,6.970077434376445,"{""type"":""Point"",""coordinates"":[-111.02115450367825,35.027]}"
108,1565.0,-25.92666244506836,-16.731290817260742,9.195371627807617,90,180,180,6.970077434376445,"{""type"":""Point"",""coordinates"":[-111.02082540441388,35.027]}"
109,1567.0,-24.032257080078125,-15.603141784667969,8.42911434173584,90,210,191,4.940763261537919,"{""type"":""Point"",""coordinates"":[-111.02049630514952,35.027]}"
110,1570.0,-24.240509033203125,-14.572410583496094,9.668098449707031,90,240,202,9.80912083580387,"{""type"":""Point"",""coordinates"":[-111.02016720588519,35.027]}"
111,1570.0,-21.72934913635254,-13.718786239624023,8.010563850402832,90,270,251,23.989685882150066,"{""type"":""Point"",""coordinates"":[-111.01983810662084,35.027]}"
112,1582.0,-18.658771514892578,-10.717806816101074,7.940964221954346,90,300,233,18.22052371724409,"{""type"":""Point"",""coordinates"":[-111.01950900735646,35.027]}"
113,1586.0,-20.670480728149414,-11.80693531036377,8.863545417785645,90,330,180,10.391539504411014,"{""type"":""Point"",""coordinates"":[-111.01917990809211,35.027]}"
114,1588.0,-19.015682220458984,-11.65499210357666,7.360691070556641,90,360,180,3.4979802497731702,"{""type"":""Point"",""coordinates"":[-111.01885080882776,35.027]}"
115,1594.0,-20.82625961303711,-11.594986915588379,9.231271743774414,90,390,255,26.23516317706095,"{""type"":""Point"",""coordinates"":[-111.01852170956342,35.027]}"
116,1614.0,-20.997087478637695,-14.602783203125,6.394303798675537,90,420,255,36.355647641166755,"{""type"":""Point"",""coordinates"":[-111.01819261029905,35.027]}"
117,1626.0,-18.491973876953125,-13.35971736907959,5.132256031036377,90,450,255,36.636150110133066,"{""type"":""Point"",""coordinates"":[-111.0178635110347,35.027]}"
118,1648.0,-22.142465591430664,-16.165159225463867,5.977304935455322,90,480,180,0.0,"{""type"":""Point"",""coordinates"":[-111.01753441177036,35.027]}"
119,1670.0,-20.1322021484375,-14.532243728637695,5.599959373474121,90,510,255,47.77777282859594,"{""type"":""Point"",""coordinates"":[-111.01720531250601,35.027]}"
120,1688.0,-21.610397338867188,-14.867440223693848,6.742958068847656,90,540,180,3.4979802497731702,"{""type"":""Point"",""coordinates"":[-111.01687621324163,35.027]}"
121,1702.0,-21.04468536376953,-13.4954833984375,7.5492024421691895,90,570,255,35.58280946123652,"{""type"":""Point"",""coordinates"":[-111.0165471139773,35.027]}"
122,1721.0,-20.952348709106445,-12.516735076904297,8.435613632202148,90,600,255,27.576775233507583,"{""type"":""Point"",""coordinates"":[-111.01621801471292,35.027]}"
123,1721.0,-18.66752815246582,-9.187214851379395,9.480314254760742,90,630,180,6.970077434376445,"{""type"":""Point"",""coordinates"":[-111.01588891544857,35.027]}"
124,1718.0,-18.152307510375977,-7.848660469055176,10.3036470413208,90,660,180,10.391539504411014,"{""type"":""Point"",""coordinates"":[-111.01555981618422,35.027]}"
125,1713.0,-19.880563735961914,-8.725929260253906,11.154634475708008,90,690,138,15.289352671811674,"{""type"":""Point"",""coordinates"":[-111.01523071691987,35.02700000000001]}"
126,1709.0,-21.045106887817383,-8.854785919189453,12.19032096862793,90,720,148,12.42913422003018,"{""type"":""Point"",""coordinates"":[-111.01490161765553,35.027]}"
127,1702.0,-20.691612243652344,-10.165037155151367,10.52657413482666,90,750,138,14.145878174900304,"{""type"":""Point"",""coordinates"":[-111.01457251839118,35.027]}"
128,1700.0,-21.4351806640625,-11.634844779968262,9.800335884094238,90,780,180,3.4979802497731702,"{""type"":""Point"",""coordinates"":[-111.0142434191268,35.02700000000001]}"
129,1697.0,-20.788835525512695,-12.601201057434082,8.187634468078613,90,810,180,3.4979802497731702,"{""type"":""Point"",""coordinates"":[-111.01391431986245,35.027]}"
130,1696.0,-19.800579071044922,-12.519858360290527,7.280721187591553,90,840,180,3.4979802497731702,"{""type"":""Point"",""coordinates"":[-111.01358522059809,35.02700000000001]}"
131,1696.0,-26.126392364501953,-14.724513053894043,11.40187931060791,90,870,159,9.809120836564674,"{""type"":""Point"",""coordinates"":[-111.01325612133374,35.027]}"
132,1694.0,-27.17226219177246,-15.589573860168457,11.582688331604004,90,900,158,7.783222612674963,"{""type"":""Point"",""coordinates"":[-111.01292702206939,35.027]}"
133,1690.0,-26.850936889648438,-16.00794219970703,10.84299373626709,90,930,158,7.783222612674963,"{""type"":""Point"",""coordinates"":[-111.01259792280503,35.027]}"
134,1689.0,-28.42902183532715,-16.781478881835938,11.647541999816895,90,960,180,3.4979802497731702,"{""type"":""Point"",""coordinates"":[-111.01226882354068,35.027]}"
135,1688.0,-28.53278160095215,-18.47386360168457,10.058917045593262,90,990,180,3.4979802497731702,"{""type"":""Point"",""coordinates"":[-111.01193972427633,35.027]}"
136,1686.0,-28.21231460571289,-18.322437286376953,9.889877319335938,90,1020,169,4.940763261537919,"{""type"":""Point"",""coordinates"":[-111.01161062501197,35.027]}"
137,1684.0,-27.886491775512695,-18.20697021484375,9.679522514343262,90,1050,169,4.940763261537919,"{""type"":""Point"",""coordinates"":[-111.01128152574763,35.027]}"
138,1684.0,-26.611148834228516,-16.726594924926758,9.884553909301758,90,1080,191,4.940763261732352,"{""type"":""Point"",""coordinates"":[-111.01095242648327,35.027]}"
139,1685.0,-27.09406280517578,-16.570697784423828,10.523365020751953,90,1110,180,6.970077434376445,"{""type"":""Point"",""coordinates"":[-111.01062332721891,35.027]}"
140,1686.0,-26.974407196044922,-16.079998016357422,10.8944091796875,90,1140,180,10.391539504411014,"{""type"":""Point"",""coordinates"":[-111.01029422795456,35.027]}"
141,1686.0,-26.578060150146484,-15.993172645568848,10.584888458251953,90,1170,180,6.970077434376445,"{""type"":""Point"",""coordinates"":[-111.0099651286902,35.027]}"
142,1685.0,-27.007389068603516,-15.773737907409668,11.233650207519531,90,1200,158,7.783222613161432,"{""type"":""Point"",""coordinates"":[-111.00963602942585,35.027]}"
143,1682.0,-26.60895347595215,-16.85425567626953,9.754697799682617,90,1230,169,4.940763261732352,"{""type"":""Point"",""coordinates"":[-111.00930693016149,35.02700000000001]}"
144,1681.0,-26.56490707397461,-15.332979202270508,11.231927871704102,90,1260,169,3.497980250074856,"{""type"":""Point"",""coordinates"":[-111.00897783089714,35.027]}"
145,1681.0,-26.00270652770996,-16.267091751098633,9.735616683959961,90,1290,180,0.0,"{""type"":""Point"",""coordinates"":[-111.0086487316328,35.027]}"
146,1681.0,-27.3768367767334,-16.88471221923828,10.492124557495117,90,1320,169,4.940763261343486,"{""type"":""Point"",""coordinates"":[-111.00831963236844,35.027]}"
147,1680.0,-26.49336051940918,-15.940069198608398,10.553290367126465,90,1350,180,0.0,"{""type"":""Point"",""coordinates"":[-111.00799053310409,35.02700000000001]}"
148,1681.0,-26.37807273864746,-14.84587287902832,11.53219985961914,90,1380,180,0.0,"{""type"":""Point"",""coordinates"":[-111.00766143383973,35.027]}"
149,1680.0,-27.461082458496094,-14.923250198364258,12.537832260131836,90,1410,169,3.497980250074856,"{""type"":""Point"",""coordinates"":[-111.00733233457538,35.027]}"
150,1680.0,-25.529104232788086,-16.032140731811523,9.496963500976562,90,1440,180,6.970077434376445,"{""type"":""Point"",""coordinates"":[-111.00700323531102,35.027]}"
151,1680.0,-26.1218318939209,-15.849180221557617,10.272650718688965,90,1470,180,6.970077434376445,"{""type"":""Point"",""coordinates"":[-111.00667413604666,35.02700000000001]}"
152,1680.0,-24.495378494262695,-14.530197143554688,9.965181350708008,90,1500,202,7.783222613161432,"{""type"":""Point"",""coordinates"":[-111.00634503678232,35.027]}"
153,1562.0,-27.388200759887695,-17.940216064453125,9.447985649108887,135,0,138,14.14587817591111,"{""type"":""Point"",""coordinates"":[-111.0228,35.027]}"
154,1561.0,-27.581153869628906,-18.67388153076172,8.907272338867188,135,30,169,4.9407499894684825,"{""type"":""Point"",""coordinates"":[-111.0225672916785,35.02680809477623]}"
155,1564.0,-28.46845817565918,-18.23397445678711,10.234482765197754,135,60,202,6.97004017161155,"{""type"":""Point"",""coordinates"":[-111.02233458335701,35.02661618955246]}"
156,1564.0,-26.577592849731445,-18.264724731445312,8.312868118286133,135,90,180,0.0,"{""type"":""Point"",""coordinates"":[-111.02210187503547,35.02642428432869]}"
157,1565.0,-26.24732208251953,-16.703420639038086,9.543901443481445,135,120,180,3.4979457108583443,"{""type"":""Point"",""coordinates"":[-111.02186916671398,35.02623237910492]}"
158,1565.0,-27.001136779785156,-17.305055618286133,9.696080207824707,135,150,180,0.0,"{""type"":""Point"",""coordinates"":[-111.02163645839246,35.02604047388115]}"
159,1567.0,-26.75907325744629,-18.21955108642578,8.539521217346191,135,180,180,0.0,"{""type"":""Point"",""coordinates"":[-111.02140375007097,35.02584856865738]}"
160,1572.0,-26.94719886779785,-17.376474380493164,9.570723533630371,135,210,191,14.145646024120209,"{""type"":""Point"",""coordinates"":[-111.02117104174944,35.0256566634336]}"
161,1574.0,-25.09915542602539,-16.790328979492188,8.308825492858887,135,240,202,7.783077334737613,"{""type"":""Point"",""coordinates"":[-111.02093833342794,35.025464758209836]}"
162,1577.0,-23.922321319580078,-16.126049041748047,7.796271800994873,135,270,202,6.969928385701506,"{""type"":""Point"",""coordinates"":[-111.02070562510644,35.02527285298606]}"
163,1581.0,-20.954059600830078,-14.453460693359375,6.500598907470703,135,300,212,16.994673749248783,"{""type"":""Point"",""coordinates"":[-111.02047291678493,35.025080947762305]}"
164,1584.0,-20.804655075073242,-12.374183654785156,8.430471420288086,135,330,211,19.61711857286624,"{""type"":""Point"",""coordinates"":[-111.02024020846342,35.024889042538526]}"
165,1594.0,-21.22980308532715,-12.554097175598145,8.67570686340332,135,360,180,0.0,"{""type"":""Point"",""coordinates"":[-111.0200075001419,35.02469713731475]}"
166,1611.0,-20.218276977539062,-12.568594932556152,7.649683475494385,135,390,242,36.727730659787305,"{""type"":""Point"",""coordinates"":[-111.0197747918204,35.02450523209098]}"
167,1621.0,-22.047746658325195,-15.937646865844727,6.110099792480469,135,420,255,40.84147642971537,"{""type"":""Point"",""coordinates"":[-111.01954208349889,35.024313326867215]}"
168,1631.0,-22.15342140197754,-13.535257339477539,8.618163108825684,135,450,255,48.66791571797045,"{""type"":""Point"",""coordinates"":[-111.01930937517739,35.02412142164345]}"
169,1653.0,-18.725584030151367,-11.858112335205078,6.867471218109131,135,480,255,31.435328707726676,"{""type"":""Point"",""coordinates"":[-111.01907666685587,35.02392951641967]}"
170,1682.0,-20.00951385498047,-11.417155265808105,8.592358589172363,135,510,180,49.26984861390927,"{""type"":""Point"",""coordinates"":[-111.01884395853438,35.02373761119591]}"
171,1693.0,-20.321298599243164,-13.385171890258789,6.936127185821533,135,540,180,0.0,"{""type"":""Point"",""coordinates"":[-111.01861125021287,35.02354570597213]}"
172,1716.0,-21.453214645385742,-14.596169471740723,6.857044219970703,135,570,180,0.0,"{""type"":""Point"",""coordinates"":[-111.01837854189135,35.02335380074836]}"
173,1723.0,-23.308849334716797,-13.401283264160156,9.907565116882324,135,600,191,7.782855974412523,"{""type"":""Point"",""coordinates"":[-111.01814583356985,35.02316189552459]}"
174,1721.0,-25.049144744873047,-14.130705833435059,10.918437957763672,135,630,159,12.428538214272004,"{""type"":""Point"",""coordinates"":[-111.01791312524834,35.02296999030082]}"
175,1718.0,-25.891277313232422,-15.105049133300781,10.78622817993164,135,660,148,10.3910089895538,"{""type"":""Point"",""coordinates"":[-111.01768041692682,35.02277808507706]}"
176,1713.0,-24.63102149963379,-15.739089012145996,8.89193344116211,135,690,169,7.782807553988609,"{""type"":""Point"",""coordinates"":[-111.01744770860532,35.02258617985328]}"
177,1712.0,-22.695846557617188,-13.985800743103027,8.710046768188477,135,720,159,15.288526507307306,"{""type"":""Point"",""coordinates"":[-111.01721500028381,35.022394274629505]}"
178,1707.0,-23.86765480041504,-13.912792205810547,9.954862594604492,135,750,180,0.0,"{""type"":""Point"",""coordinates"":[-111.01698229196231,35.02220236940574]}"
179,1704.0,-23.45060157775879,-13.152405738830566,10.298195838928223,135,780,180,6.969655152431308,"{""type"":""Point"",""coordinates"":[-111.01674958364079,35.02201046418197]}"
180,1704.0,-23.833818435668945,-14.557099342346191,9.276718139648438,135,810,191,4.940449178167099,"{""type"":""Point"",""coordinates"":[-111.0165168753193,35.021818558958195]}"
181,1703.0,-23.922204971313477,-13.659859657287598,10.262345314025879,135,840,169,3.4977510536888454,"{""type"":""Point"",""coordinates"":[-111.01628416699779,35.02162665373443]}"
182,1701.0,-18.087684631347656,-8.205031394958496,9.88265323638916,135,870,180,0.0,"{""type"":""Point"",""coordinates"":[-111.01605145867627,35.02143474851066]}"
183,1698.0,-21.57430076599121,-12.387764930725098,9.18653678894043,135,900,180,3.49773221792648,"{""type"":""Point"",""coordinates"":[-111.01581875035477,35.021242843286885]}"
184,1696.0,-26.877235412597656,-14.830812454223633,12.04642391204834,135,930,180,0.0,"{""type"":""Point"",""coordinates"":[-111.01558604203325,35.021050938063105]}"
185,1694.0,-26.69369888305664,-15.472123146057129,11.221575736999512,135,960,158,6.9695558034936855,"{""type"":""Point"",""coordinates"":[-111.01535333371174,35.02085903283934]}"
186,1693.0,-24.391185760498047,-13.817107200622559,10.574078559875488,135,990,169,7.782627716389274,"{""type"":""Point"",""coordinates"":[-111.01512062539025,35.020667127615575]}"
187,1691.0,-25.892831802368164,-15.368440628051758,10.524391174316406,135,1020,180,3.4977008254304653,"{""type"":""Point"",""coordinates"":[-111.01488791706872,35.0204752223918]}"
188,1689.0,-23.926830291748047,-12.483804702758789,11.443025588989258,135,1050,169,3.4976914079365296,"{""type"":""Point"",""coordinates"":[-111.01465520874721,35.02028331716803]}"
189,1687.0,-26.084447860717773,-14.952784538269043,11.131664276123047,135,1080,180,3.497685129140771,"{""type"":""Point"",""coordinates"":[-111.01442250042571,35.02009141194427]}"
190,1687.0,-24.901639938354492,-13.509208679199219,11.392431259155273,135,1110,180,0.0,"{""type"":""Point"",""coordinates"":[-111.01418979210422,35.01989950672049]}"
191,1686.0,-23.811153411865234,-12.995655059814453,10.815499305725098,135,1140,180,0.0,"{""type"":""Point"",""coordinates"":[-111.01395708378271,35.01970760149672]}"
192,1686.0,-25.612621307373047,-14.484551429748535,11.128068923950195,135,1170,158,6.969444040078777,"{""type"":""Point"",""coordinates"":[-111.01372437546118,35.01951569627295]}"
193,1683.0,-24.450590133666992,-14.34698486328125,10.103604316711426,135,1200,169,4.940298793176028,"{""type"":""Point"",""coordinates"":[-111.01349166713968,35.01932379104918]}"
194,1682.0,-26.42715072631836,-13.739352226257324,12.687798500061035,135,1230,180,0.0,"{""type"":""Point"",""coordinates"":[-111.01325895881817,35.01913188582541]}"
195,1682.0,-25.389812469482422,-14.320148468017578,11.06966495513916,135,1260,180,0.0,"{""type"":""Point"",""coordinates"":[-111.01302625049667,35.01893998060164]}"
196,1683.0,-25.05803680419922,-13.364017486572266,11.694018363952637,135,1290,180,3.4976254862753593,"{""type"":""Point"",""coordinates"":[-111.01279354217516,35.01874807537786]}"
197,1683.0,-24.98110008239746,-14.249478340148926,10.731622695922852,135,1320,180,0.0,"{""type"":""Point"",""coordinates"":[-111.01256083385366,35.0185561701541]}"
198,1684.0,-26.806604385375977,-15.235138893127441,11.571465492248535,135,1350,169,3.49760979113112,"{""type"":""Point"",""coordinates"":[-111.01232812553214,35.018364264930334]}"
199,1683.0,-24.861064910888672,-14.078125953674316,10.782938003540039,135,1380,169,4.940232451867609,"{""type"":""Point"",""coordinates"":[-111.01209541721065,35.018172359706554]}"
200,1684.0,-23.550561904907227,-12.348833084106445,11.201728820800781,135,1410,180,0.0,"{""type"":""Point"",""coordinates"":[-111.01186270888914,35.01798045448278]}"
201,1683.0,-24.6701717376709,-13.714339256286621,10.955831527709961,135,1440,169,3.4975846798772436,"{""type"":""Point"",""coordinates"":[-111.0116300005676,35.017788549259016]}"
202,1681.0,-26.77092742919922,-16.742509841918945,10.028416633605957,135,1470,180,3.497578402213082,"{""type"":""Point"",""coordinates"":[-111.01139729224612,35.01759664403524]}"
203,1681.0,-29.486722946166992,-15.407350540161133,14.079371452331543,135,1500,180,0.0,"{""type"":""Point"",""coordinates"":[-111.0111645839246,35.01740473881147]}"
204,1562.0,-27.388200759887695,-17.940216064453125,9.447985649108887,180,0,138,14.14587817591111,"{""type"":""Point"",""coordinates"":[-111.0228,35.027]}"
205,1561.0,-27.93273162841797,-18.363126754760742,9.569605827331543,180,30,148,10.940377515535092,"{""type"":""Point"",""coordinates"":[-111.0228,35.02672860502985]}"
206,1562.0,-28.441022872924805,-17.851476669311523,10.589546203613281,180,60,158,6.970027751171308,"{""type"":""Point"",""coordinates"":[-111.0228,35.026457210059704]}"
207,1564.0,-27.627336502075195,-18.548540115356445,9.07879638671875,180,90,159,9.809025626197194,"{""type"":""Point"",""coordinates"":[-111.02280000000002,35.02618581508957]}"
208,1566.0,-27.789169311523438,-17.55484962463379,10.234320640563965,180,120,159,9.808991004862369,"{""type"":""Point"",""coordinates"":[-111.0228,35.025914420119406]}"
209,1569.0,-25.865949630737305,-16.106706619262695,9.759242057800293,180,150,159,12.428928316576817,"{""type"":""Point"",""coordinates"":[-111.0228,35.02564302514927]}"
210,1573.0,-23.855457305908203,-13.906599998474121,9.948857307434082,180,180,169,3.497908032958114,"{""type"":""Point"",""coordinates"":[-111.0228,35.02537163017912]}"
211,1577.0,-23.35266876220703,-14.016151428222656,9.336518287658691,180,210,159,15.28901169959415,"{""type"":""Point"",""coordinates"":[-111.0228,35.02510023520897]}"
212,1582.0,-22.558765411376953,-13.897594451904297,8.661170959472656,180,240,159,18.220064340418727,"{""type"":""Point"",""coordinates"":[-111.0228,35.024828840238825]}"
213,1586.0,-21.120325088500977,-12.224099159240723,8.896224975585938,180,270,170,14.145462757995226,"{""type"":""Point"",""coordinates"":[-111.0228,35.024557445268684]}"
214,1586.0,-18.883296966552734,-12.551533699035645,6.331763744354248,180,300,171,28.96506498844399,"{""type"":""Point"",""coordinates"":[-111.0228,35.02428605029854]}"
215,1609.0,-19.76534652709961,-11.857080459594727,7.908266067504883,180,330,164,40.84137440274797,"{""type"":""Point"",""coordinates"":[-111.0228,35.024014655328386]}"
216,1624.0,-18.467557907104492,-9.867030143737793,8.6005277633667,180,360,172,42.58011000085798,"{""type"":""Point"",""coordinates"":[-111.0228,35.023743260358245]}"
217,1624.0,-17.312959671020508,-11.648445129394531,5.664515018463135,180,390,173,46.14845931928087,"{""type"":""Point"",""coordinates"":[-111.0228,35.023471865388096]}"
218,1641.0,-19.192129135131836,-11.184043884277344,8.008085250854492,180,420,170,60.62901533047908,"{""type"":""Point"",""coordinates"":[-111.02280000000002,35.02320047041795]}"
219,1706.0,-19.8612003326416,-14.439718246459961,5.421482086181641,180,450,216,66.0766484271257,"{""type"":""Point"",""coordinates"":[-111.0228,35.022929075447806]}"
220,1706.0,-22.486425399780273,-14.993184089660645,7.493241310119629,180,480,237,50.288242286079246,"{""type"":""Point"",""coordinates"":[-111.0228,35.02265768047766]}"
221,1724.0,-19.731016159057617,-12.66287899017334,7.068138599395752,180,510,211,19.616564235270303,"{""type"":""Point"",""coordinates"":[-111.0228,35.02238628550751]}"
222,1729.0,-20.344736099243164,-13.889130592346191,6.4556050300598145,180,540,202,9.808540959583883,"{""type"":""Point"",""coordinates"":[-111.0228,35.02211489053736]}"
223,1727.0,-18.720373153686523,-12.545010566711426,6.175363063812256,180,570,170,14.145010727114375,"{""type"":""Point"",""coordinates"":[-111.0228,35.02184349556722]}"
224,1723.0,-19.069997787475586,-12.07867431640625,6.991323947906494,180,600,159,12.428332341808877,"{""type"":""Point"",""coordinates"":[-111.0228,35.02157210059707]}"
225,1720.0,-21.5512752532959,-9.095418930053711,12.455856323242188,180,630,180,10.390826072326654,"{""type"":""Point"",""coordinates"":[-111.0228,35.02130070562693]}"
226,1717.0,-19.089468002319336,-10.75342082977295,8.336048126220703,180,660,169,4.940400522920564,"{""type"":""Point"",""coordinates"":[-111.0228,35.02102931065678]}"
227,1716.0,-20.450645446777344,-11.114418029785156,9.336227416992188,180,690,180,0.0,"{""type"":""Point"",""coordinates"":[-111.0228,35.02075791568663]}"
228,1715.0,-18.761350631713867,-11.365177154541016,7.396173000335693,180,720,180,6.969524757432866,"{""type"":""Point"",""coordinates"":[-111.0228,35.020486520716474]}"
229,1713.0,-19.548545837402344,-13.41276741027832,6.135777950286865,180,750,169,4.9403518690412165,"{""type"":""Point"",""coordinates"":[-111.0228,35.02021512574634]}"
230,1712.0,-21.83659553527832,-11.712910652160645,10.12368392944336,180,780,180,0.0,"{""type"":""Point"",""coordinates"":[-111.02280000000002,35.01994373077619]}"
231,1711.0,-19.713876724243164,-12.784436225891113,6.929440498352051,180,810,191,3.4976662946271575,"{""type"":""Point"",""coordinates"":[-111.0228,35.01967233580604]}"
232,1709.0,-18.232772827148438,-10.719677925109863,7.513095855712891,180,840,180,6.9694316225013075,"{""type"":""Point"",""coordinates"":[-111.0228,35.0194009408359]}"
233,1707.0,-21.042177200317383,-11.423144340515137,9.619032859802246,180,870,191,3.49764432093062,"{""type"":""Point"",""coordinates"":[-111.0228,35.01912954586575]}"
234,1704.0,-25.064922332763672,-14.04918384552002,11.015739440917969,180,900,191,3.4976317647208184,"{""type"":""Point"",""coordinates"":[-111.0228,35.0188581508956]}"
235,1699.0,-27.400049209594727,-16.27633285522461,11.123716354370117,180,930,169,3.4976192086479037,"{""type"":""Point"",""coordinates"":[-111.0228,35.018586755925455]}"
236,1696.0,-26.987489700317383,-15.207276344299316,11.780213356018066,180,960,158,6.969344700421472,"{""type"":""Point"",""coordinates"":[-111.0228,35.018315360955306]}"
237,1697.0,-25.631195068359375,-13.855854988098145,11.77534008026123,180,990,180,0.0,"{""type"":""Point"",""coordinates"":[-111.02280000000002,35.018043965985164]}"
238,1696.0,-26.7503604888916,-14.87944507598877,11.870915412902832,180,1020,158,6.969295031932597,"{""type"":""Point"",""coordinates"":[-111.0228,35.01777257101501]}"
239,1695.0,-27.067846298217773,-14.037784576416016,13.030062675476074,180,1050,169,3.4975721245936118,"{""type"":""Point"",""coordinates"":[-111.0228,35.017501176044874]}"
240,1693.0,-27.26796531677246,-15.161731719970703,12.106234550476074,180,1080,169,3.4975627080137466,"{""type"":""Point"",""coordinates"":[-111.0228,35.017229781074725]}"
241,1693.0,-22.956098556518555,-12.140381813049316,10.815715789794922,180,1110,169,3.4975501526936994,"{""type"":""Point"",""coordinates"":[-111.0228,35.01695838610458]}"
242,1694.0,-24.4140625,-14.22315502166748,10.190908432006836,180,1140,169,3.4975375975105365,"{""type"":""Point"",""coordinates"":[-111.0228,35.01668699113443]}"
243,1692.0,-24.369144439697266,-14.005576133728027,10.363567352294922,180,1170,169,3.497528181212993,"{""type"":""Point"",""coordinates"":[-111.0228,35.016415596164286]}"
244,1691.0,-25.36309242248535,-13.516103744506836,11.846988677978516,180,1200,180,0.0,"{""type"":""Point"",""coordinates"":[-111.0228,35.01614420119413]}"
245,1691.0,-26.67121124267578,-15.171574592590332,11.499635696411133,180,1230,169,3.4975030714626385,"{""type"":""Point"",""coordinates"":[-111.0228,35.015872806223996]}"
246,1692.0,-25.758176803588867,-15.129314422607422,10.628862380981445,180,1260,169,4.940077664772893,"{""type"":""Point"",""coordinates"":[-111.0228,35.015601411253854]}"
247,1692.0,-25.912832260131836,-15.419506072998047,10.493327140808105,180,1290,169,3.4974811008802225,"{""type"":""Point"",""coordinates"":[-111.0228,35.01533001628369]}"
248,1692.0,-28.1578426361084,-17.586061477661133,10.571782112121582,180,1320,180,0.0,"{""type"":""Point"",""coordinates"":[-111.0228,35.01505862131356]}"
249,1692.0,-29.131101608276367,-18.31657600402832,10.81452751159668,180,1350,180,0.0,"{""type"":""Point"",""coordinates"":[-111.0228,35.014787226343415]}"
250,1692.0,-28.074949264526367,-18.838964462280273,9.235983848571777,180,1380,180,0.0,"{""type"":""Point"",""coordinates"":[-111.0228,35.01451583137325]}"
251,1692.0,-29.225141525268555,-17.081523895263672,12.143617630004883,180,1410,180,0.0,"{""type"":""Point"",""coordinates"":[-111.0228,35.01424443640311]}"
252,1692.0,-27.799333572387695,-16.9381160736084,10.861218452453613,180,1440,180,0.0,"{""type"":""Point"",""coordinates"":[-111.0228,35.013973041432976]}"
253,1693.0,-27.358922958374023,-14.463669776916504,12.895252227783203,180,1470,169,4.939962689590755,"{""type"":""Point"",""coordinates"":[-111.0228,35.01370164646283]}"
254,1693.0,-26.5939884185791,-14.508628845214844,12.085358619689941,180,1500,169,3.497399499529913,"{""type"":""Point"",""coordinates"":[-111.0228,35.01343025149267]}"
255,1562.0,-27.388200759887695,-17.940216064453125,9.447985649108887,225,0,138,14.14587817591111,"{""type"":""Point"",""coordinates"":[-111.0228,35.027]}"
256,1566.0,-27.05940055847168,-18.290605545043945,8.76879596710205,225,30,180,6.970058803452268,"{""type"":""Point"",""coordinates"":[-111.02303270832152,35.02680809477623]}"
257,1567.0,-28.179384231567383,-18.358217239379883,9.8211669921875,225,60,148,10.940358300487674,"{""type"":""Point"",""coordinates"":[-111.02326541664301,35.02661618955246]}"
258,1566.0,-28.910152435302734,-19.062570571899414,9.84758186340332,225,90,158,6.9700277506254205,"{""type"":""Point"",""coordinates"":[-111.02349812496455,35.02642428432869]}"
259,1571.0,-26.173831939697266,-16.26227378845215,9.911559104919434,225,120,169,10.940310263073231,"{""type"":""Point"",""coordinates"":[-111.02373083328605,35.026232379104925]}"
260,1572.0,-24.786569595336914,-15.331456184387207,9.455113410949707,225,150,180,0.0,"{""type"":""Point"",""coordinates"":[-111.02396354160756,35.02604047388115]}"
261,1575.0,-24.30876350402832,-14.360799789428711,9.947964668273926,225,180,180,0.0,"{""type"":""Point"",""coordinates"":[-111.02419624992905,35.02584856865738]}"
262,1579.0,-20.748727798461914,-10.705965995788574,10.04276180267334,225,210,180,10.391365705799378,"{""type"":""Point"",""coordinates"":[-111.02442895825057,35.0256566634336]}"
263,1583.0,-20.482648849487305,-10.861471176147461,9.62117862701416,225,240,140,23.787234889700933,"{""type"":""Point"",""coordinates"":[-111.02466166657209,35.025464758209836]}"
264,1593.0,-22.32070541381836,-10.710081100463867,11.610624313354492,225,270,137,13.739470179983455,"{""type"":""Point"",""coordinates"":[-111.02489437489358,35.02527285298606]}"
265,1603.0,-20.636831283569336,-7.934451580047607,12.70237922668457,225,300,141,26.234631637043734,"{""type"":""Point"",""coordinates"":[-111.02512708321508,35.025080947762305]}"
266,1603.0,-17.047712326049805,-9.708224296569824,7.339487075805664,225,330,139,21.375130360602842,"{""type"":""Point"",""coordinates"":[-111.02535979153659,35.024889042538526]}"
267,1615.0,-15.59346866607666,-7.992935657501221,7.600532531738281,225,360,86,31.435558131159404,"{""type"":""Point"",""coordinates"":[-111.02559249985812,35.02469713731476]}"
268,1634.0,-16.092052459716797,-5.384936809539795,10.707115173339844,225,390,180,28.816437326469188,"{""type"":""Point"",""coordinates"":[-111.02582520817963,35.02450523209098]}"
269,1647.0,-15.541522979736328,-7.2869367599487305,8.254586219787598,225,420,180,38.47162402351848,"{""type"":""Point"",""coordinates"":[-111.02605791650112,35.02431332686722]}"
270,1669.0,-14.306084632873535,-6.767805099487305,7.538280010223389,225,450,121,53.27898987474259,"{""type"":""Point"",""coordinates"":[-111.02629062482262,35.02412142164345]}"
271,1689.0,-15.842326164245605,-6.4374213218688965,9.404905319213867,225,480,44,49.269925091307435,"{""type"":""Point"",""coordinates"":[-111.02652333314414,35.02392951641967]}"
272,1724.0,-10.218425750732422,-2.8032357692718506,7.415189743041992,225,510,135,46.24689725859786,"{""type"":""Point"",""coordinates"":[-111.02675604146566,35.02373761119591]}"
273,1730.0,-12.141313552856445,-3.0473735332489014,9.093939781188965,225,540,180,0.0,"{""type"":""Point"",""coordinates"":[-111.02698874978717,35.02354570597213]}"
274,1740.0,-19.626401901245117,-11.523633003234863,8.102768898010254,225,570,180,0.0,"{""type"":""Point"",""coordinates"":[-111.02722145810866,35.02335380074836]}"
275,1734.0,-20.93631362915039,-12.160877227783203,8.775436401367188,225,600,232,21.374710405817638,"{""type"":""Point"",""coordinates"":[-111.02745416643018,35.02316189552459]}"
276,1730.0,-17.906951904296875,-12.152523040771484,5.754428386688232,225,630,223,15.288631409271792,"{""type"":""Point"",""coordinates"":[-111.02768687475168,35.02296999030082]}"
277,1725.0,-18.34377670288086,-12.27723503112793,6.06654167175293,225,660,213,10.391008990357795,"{""type"":""Point"",""coordinates"":[-111.0279195830732,35.02277808507706]}"
278,1724.0,-22.855716705322266,-13.82021713256836,9.035500526428223,225,690,223,14.14514510858057,"{""type"":""Point"",""coordinates"":[-111.02815229139469,35.02258617985328]}"
279,1720.0,-23.911897659301758,-14.23090648651123,9.680991172790527,225,720,202,12.428451529606242,"{""type"":""Point"",""coordinates"":[-111.0283849997162,35.022394274629505]}"
280,1716.0,-23.996746063232422,-13.67540454864502,10.321342468261719,225,750,180,0.0,"{""type"":""Point"",""coordinates"":[-111.02861770803773,35.02220236940575]}"
281,1711.0,-25.073238372802734,-14.7720947265625,10.30114459991455,225,780,180,6.969655152431308,"{""type"":""Point"",""coordinates"":[-111.02885041635922,35.02201046418197]}"
282,1710.0,-26.089887619018555,-16.30137062072754,9.7885160446167,225,810,180,6.969636524086695,"{""type"":""Point"",""coordinates"":[-111.02908312468072,35.021818558958195]}"
283,1708.0,-26.137300491333008,-16.350902557373047,9.786398887634277,225,840,180,0.0,"{""type"":""Point"",""coordinates"":[-111.02931583300223,35.02162665373443]}"
284,1707.0,-21.06293487548828,-11.28449535369873,9.77843952178955,225,870,191,3.4977416359219706,"{""type"":""Point"",""coordinates"":[-111.02954854132373,35.02143474851065]}"
285,1705.0,-21.583133697509766,-10.85999584197998,10.723137855529785,225,900,180,3.49773221792648,"{""type"":""Point"",""coordinates"":[-111.02978124964525,35.02124284328689]}"
286,1704.0,-18.837141036987305,-10.441516876220703,8.395624160766602,225,930,180,0.0,"{""type"":""Point"",""coordinates"":[-111.03001395796676,35.021050938063105]}"
287,1700.0,-23.168195724487305,-11.877058982849121,11.291135787963867,225,960,180,0.0,"{""type"":""Point"",""coordinates"":[-111.03024666628826,35.02085903283934]}"
288,1700.0,-25.79547691345215,-14.619803428649902,11.175674438476562,225,990,180,3.497710243137025,"{""type"":""Point"",""coordinates"":[-111.03047937460978,35.020667127615575]}"
289,1698.0,-24.50385856628418,-14.41500473022461,10.088852882385254,225,1020,191,3.497700825292739,"{""type"":""Point"",""coordinates"":[-111.03071208293129,35.0204752223918]}"
290,1698.0,-24.19821548461914,-15.663148880004883,8.535066604614258,225,1050,191,3.497691407660558,"{""type"":""Point"",""coordinates"":[-111.0309447912528,35.02028331716803]}"
291,1697.0,-29.10110855102539,-16.7569580078125,12.344151496887207,225,1080,180,0.0,"{""type"":""Point"",""coordinates"":[-111.0311774995743,35.02009141194427]}"
292,1697.0,-27.019365310668945,-16.812847137451172,10.206518173217773,225,1110,180,10.3906523100783,"{""type"":""Point"",""coordinates"":[-111.0314102078958,35.01989950672049]}"
293,1694.0,-28.32933235168457,-16.75912857055664,11.570204734802246,225,1140,180,0.0,"{""type"":""Point"",""coordinates"":[-111.03164291621731,35.01970760149672]}"
294,1693.0,-27.300840377807617,-15.567462921142578,11.733377456665039,225,1170,180,6.9694440402157705,"{""type"":""Point"",""coordinates"":[-111.03187562453883,35.01951569627295]}"
295,1693.0,-28.525426864624023,-17.551280975341797,10.974145889282227,225,1200,180,0.0,"{""type"":""Point"",""coordinates"":[-111.03210833286033,35.01932379104918]}"
296,1693.0,-26.09933090209961,-13.859222412109375,12.240107536315918,225,1230,180,0.0,"{""type"":""Point"",""coordinates"":[-111.03234104118184,35.01913188582541]}"
297,1693.0,-26.53224754333496,-16.806779861450195,9.725467681884766,225,1260,180,0.0,"{""type"":""Point"",""coordinates"":[-111.03257374950336,35.01893998060164]}"
298,1693.0,-29.391626358032227,-17.165319442749023,12.226305961608887,225,1290,180,3.4976254862753593,"{""type"":""Point"",""coordinates"":[-111.03280645782488,35.018748075377864]}"
299,1693.0,-29.483901977539062,-17.728404998779297,11.755496978759766,225,1320,180,0.0,"{""type"":""Point"",""coordinates"":[-111.03303916614638,35.0185561701541]}"
300,1692.0,-29.135822296142578,-18.439495086669922,10.69632625579834,225,1350,191,3.497609791407084,"{""type"":""Point"",""coordinates"":[-111.03327187446787,35.018364264930334]}"
301,1692.0,-27.91021728515625,-16.96950340270996,10.940715789794922,225,1380,180,3.497603513667726,"{""type"":""Point"",""coordinates"":[-111.03350458278939,35.018172359706554]}"
302,1693.0,-29.034944534301758,-18.105281829833984,10.929661750793457,225,1410,180,3.4975940965351886,"{""type"":""Point"",""coordinates"":[-111.0337372911109,35.01798045448278]}"
303,1693.0,-29.616600036621094,-17.675851821899414,11.94074821472168,225,1440,180,0.0,"{""type"":""Point"",""coordinates"":[-111.03396999943241,35.01778854925902]}"
304,1693.0,-30.63207244873047,-17.943225860595703,12.688847541809082,225,1470,191,3.497578402080337,"{""type"":""Point"",""coordinates"":[-111.0342027077539,35.01759664403524]}"
305,1692.0,-28.16152572631836,-17.926218032836914,10.235307693481445,225,1500,180,3.4975689855525567,"{""type"":""Point"",""coordinates"":[-111.03443541607541,35.01740473881147]}"
306,1562.0,-27.388200759887695,-17.940216064453125,9.447985649108887,270,0,138,14.14587817591111,"{""type"":""Point"",""coordinates"":[-111.0228,35.027]}"
307,1566.0,-27.387344360351562,-17.790788650512695,9.596553802490234,270,30,180,6.970077434376445,"{""type"":""Point"",""coordinates"":[-111.02312909926435,35.027]}"
308,1571.0,-28.061771392822266,-17.903921127319336,10.15785026550293,270,60,191,4.940763261537919,"{""type"":""Point"",""coordinates"":[-111.02345819852873,35.027]}"
309,1568.0,-27.89063262939453,-17.10051918029785,10.79011344909668,270,90,202,7.783222612674963,"{""type"":""Point"",""coordinates"":[-111.02378729779306,35.027]}"
310,1566.0,-27.606361389160156,-17.726707458496094,9.879654884338379,270,120,202,7.783222612674963,"{""type"":""Point"",""coordinates"":[-111.02411639705743,35.027]}"
311,1564.0,-27.783893585205078,-17.810813903808594,9.973079681396484,270,150,180,3.4979802497731702,"{""type"":""Point"",""coordinates"":[-111.02444549632179,35.027]}"
312,1565.0,-26.468656539916992,-16.598827362060547,9.869831085205078,270,180,158,7.783222612188494,"{""type"":""Point"",""coordinates"":[-111.02477459558612,35.027]}"
313,1567.0,-25.826000213623047,-15.795175552368164,10.0308256149292,270,210,137,13.73975566861195,"{""type"":""Point"",""coordinates"":[-111.02510369485049,35.027]}"
314,1573.0,-24.344684600830078,-14.199061393737793,10.145623207092285,270,240,158,6.970077435519044,"{""type"":""Point"",""coordinates"":[-111.02543279411485,35.027]}"
315,1578.0,-21.202802658081055,-11.680749893188477,9.522052764892578,270,270,180,10.391539504411014,"{""type"":""Point"",""coordinates"":[-111.0257618933792,35.027]}"
316,1583.0,-17.16651153564453,-8.54856014251709,8.617950439453125,270,300,180,10.391539504411014,"{""type"":""Point"",""coordinates"":[-111.02609099264355,35.02700000000001]}"
317,1592.0,-15.436678886413574,-6.194080829620361,9.242597579956055,270,330,180,13.739755666423438,"{""type"":""Point"",""coordinates"":[-111.02642009190791,35.02700000000001]}"
318,1602.0,-16.8448543548584,-3.8794004917144775,12.965455055236816,270,360,95,31.04934806900065,"{""type"":""Point"",""coordinates"":[-111.02674919117226,35.027]}"
319,1611.0,-16.900136947631836,-3.67692232131958,13.223215103149414,270,390,88,33.35932795011361,"{""type"":""Point"",""coordinates"":[-111.0270782904366,35.027]}"
320,1633.0,-12.833359718322754,-2.161789655685425,10.671570777893066,270,420,74,36.35564763901808,"{""type"":""Point"",""coordinates"":[-111.02740738970095,35.02700000000001]}"
321,1656.0,-12.733656883239746,-1.046053171157837,11.687602996826172,270,450,180,16.99504845443645,"{""type"":""Point"",""coordinates"":[-111.02773648896532,35.027]}"
322,1676.0,-12.331140518188477,-0.2585420608520508,12.072598457336426,270,480,180,28.817177644853672,"{""type"":""Point"",""coordinates"":[-111.02806558822968,35.027]}"
323,1689.0,-9.151676177978516,1.1752710342407227,10.326947212219238,270,510,100,36.355647637990536,"{""type"":""Point"",""coordinates"":[-111.02839468749401,35.027]}"
324,1714.0,-8.661776542663574,0.6895197629928589,9.351296424865723,270,540,57,45.698354948061315,"{""type"":""Point"",""coordinates"":[-111.02872378675839,35.027]}"
325,1727.0,-10.189680099487305,-1.6939780712127686,8.495701789855957,270,570,71,40.411202116207086,"{""type"":""Point"",""coordinates"":[-111.02905288602273,35.02700000000001]}"
326,1730.0,-20.003437042236328,-10.215316772460938,9.78812026977539,270,600,149,16.995048454934945,"{""type"":""Point"",""coordinates"":[-111.02938198528709,35.027]}"
327,1723.0,-21.52724838256836,-13.325618743896484,8.201629638671875,270,630,180,6.970077434376445,"{""type"":""Point"",""coordinates"":[-111.02971108455144,35.027]}"
328,1716.0,-18.851627349853516,-11.977143287658691,6.874483585357666,270,660,180,10.391539504411014,"{""type"":""Point"",""coordinates"":[-111.03004018381579,35.027]}"
329,1712.0,-21.694026947021484,-12.519085884094238,9.174941062927246,270,690,213,12.429134219370718,"{""type"":""Point"",""coordinates"":[-111.03036928308015,35.027]}"
330,1707.0,-21.509153366088867,-10.097195625305176,11.411957740783691,270,720,202,6.970077434973153,"{""type"":""Point"",""coordinates"":[-111.03069838234451,35.027]}"
331,1705.0,-19.238201141357422,-11.464805603027344,7.773396015167236,270,750,202,7.783222612188494,"{""type"":""Point"",""coordinates"":[-111.03102748160885,35.027]}"
332,1703.0,-21.77809715270996,-14.714146614074707,7.063950061798096,270,780,180,0.0,"{""type"":""Point"",""coordinates"":[-111.03135658087321,35.027]}"
333,1700.0,-24.73714256286621,-15.336870193481445,9.400273323059082,270,810,213,10.9404159449088,"{""type"":""Point"",""coordinates"":[-111.03168568013757,35.027]}"
334,1697.0,-25.877227783203125,-16.051572799682617,9.825654983520508,270,840,180,6.970077434376445,"{""type"":""Point"",""coordinates"":[-111.03201477940192,35.027]}"
335,1697.0,-25.4129638671875,-15.415977478027344,9.996986389160156,270,870,169,4.940763261537919,"{""type"":""Point"",""coordinates"":[-111.03234387866627,35.027]}"
336,1699.0,-26.018266677856445,-15.99074935913086,10.027517318725586,270,900,169,7.7832226122761465,"{""type"":""Point"",""coordinates"":[-111.03267297793063,35.027]}"
337,1697.0,-26.309722900390625,-15.747858047485352,10.561864852905273,270,930,202,6.970077435519044,"{""type"":""Point"",""coordinates"":[-111.03300207719498,35.027]}"
338,1695.0,-27.358108520507812,-16.039752960205078,11.31835651397705,270,960,180,3.4979802497731702,"{""type"":""Point"",""coordinates"":[-111.03333117645933,35.027]}"
339,1693.0,-26.31909942626953,-13.913849830627441,12.40524959564209,270,990,180,6.970077434376445,"{""type"":""Point"",""coordinates"":[-111.03366027572369,35.027]}"
340,1693.0,-23.73900604248047,-12.719406127929688,11.019599914550781,270,1020,191,4.940763261537919,"{""type"":""Point"",""coordinates"":[-111.03398937498805,35.02700000000001]}"
341,1692.0,-26.06479835510254,-15.503973007202148,10.560826301574707,270,1050,180,0.0,"{""type"":""Point"",""coordinates"":[-111.03431847425239,35.027]}"
342,1692.0,-28.26073455810547,-16.490829467773438,11.769905090332031,270,1080,180,0.0,"{""type"":""Point"",""coordinates"":[-111.03464757351675,35.027]}"
343,1692.0,-27.315448760986328,-15.035663604736328,12.279786109924316,270,1110,180,3.4979802497731702,"{""type"":""Point"",""coordinates"":[-111.03497667278111,35.027]}"
344,1693.0,-26.622034072875977,-15.409531593322754,11.212502479553223,270,1140,180,3.4979802497731702,"{""type"":""Point"",""coordinates"":[-111.03530577204546,35.02700000000001]}"
345,1694.0,-24.83675193786621,-16.223554611206055,8.613197326660156,270,1170,180,3.4979802497731702,"{""type"":""Point"",""coordinates"":[-111.03563487130981,35.027]}"
346,1694.0,-20.95122718811035,-13.045080184936523,7.9061479568481445,270,1200,191,7.783222612397763,"{""type"":""Point"",""coordinates"":[-111.03596397057417,35.027]}"
347,1692.0,-26.505477905273438,-15.966794967651367,10.538681983947754,270,1230,191,4.940763261732352,"{""type"":""Point"",""coordinates"":[-111.03629306983852,35.027]}"
348,1692.0,-28.503925323486328,-16.329044342041016,12.174880981445312,270,1260,180,0.0,"{""type"":""Point"",""coordinates"":[-111.03662216910287,35.027]}"
349,1692.0,-27.760684967041016,-15.962913513183594,11.797770500183105,270,1290,180,0.0,"{""type"":""Point"",""coordinates"":[-111.03695126836722,35.027]}"
350,1692.0,-27.07658576965332,-16.66626739501953,10.410318374633789,270,1320,191,4.940763261537919,"{""type"":""Point"",""coordinates"":[-111.03728036763158,35.027]}"
351,1690.0,-26.867406845092773,-15.427786827087402,11.439620971679688,270,1350,191,4.940763261732352,"{""type"":""Point"",""coordinates"":[-111.03760946689593,35.02700000000001]}"
352,1690.0,-26.501630783081055,-14.872030258178711,11.62960147857666,270,1380,180,3.4979802497731702,"{""type"":""Point"",""coordinates"":[-111.03793856616028,35.027]}"
353,1690.0,-25.93972396850586,-14.434462547302246,11.505261421203613,270,1410,180,0.0,"{""type"":""Point"",""coordinates"":[-111.03826766542466,35.027]}"
354,1691.0,-27.647533416748047,-15.660736083984375,11.986797332763672,270,1440,180,3.4979802497731702,"{""type"":""Point"",""coordinates"":[-111.03859676468899,35.027]}"
355,1691.0,-27.17078399658203,-14.130937576293945,13.03984546661377,270,1470,180,3.4979802497731702,"{""type"":""Point"",""coordinates"":[-111.03892586395335,35.027]}"
356,1692.0,-26.736833572387695,-16.297216415405273,10.439619064331055,270,1500,191,10.94041594417033,"{""type"":""Point"",""coordinates"":[-111.0392549632177,35.027]}"
357,1562.0,-27.388200759887695,-17.940216064453125,9.447985649108887,315,0,138,14.14587817591111,"{""type"":""Point"",""coordinates"":[-111.0228,35.027]}"
358,1568.0,-26.1200008392334,-16.444011688232422,9.675989151000977,315,30,180,0.0,"{""type"":""Point"",""coordinates"":[-111.02303270832152,35.02719190522378]}"
359,1568.0,-21.392127990722656,-14.542464256286621,6.849664211273193,315,60,169,7.7832572046899315,"{""type"":""Point"",""coordinates"":[-111.02326541664301,35.02738381044754]}"
360,1568.0,-26.818378448486328,-17.881820678710938,8.936556816101074,315,90,191,3.4980022301797398,"{""type"":""Point"",""coordinates"":[-111.02349812496455,35.02757571567131]}"
361,1565.0,-26.183368682861328,-17.0195255279541,9.163843154907227,315,120,180,0.0,"{""type"":""Point"",""coordinates"":[-111.02373083328605,35.02776762089507]}"
362,1564.0,-26.846282958984375,-16.044546127319336,10.801735877990723,315,150,158,7.783312551497631,"{""type"":""Point"",""coordinates"":[-111.02396354160756,35.02795952611886]}"
363,1566.0,-26.946266174316406,-16.536806106567383,10.409460067749023,315,180,180,0.0,"{""type"":""Point"",""coordinates"":[-111.02419624992905,35.02815143134263]}"
364,1564.0,-26.78323745727539,-15.238993644714355,11.544244766235352,315,210,180,0.0,"{""type"":""Point"",""coordinates"":[-111.02442895825057,35.028343336566394]}"
365,1567.0,-25.13105583190918,-14.279938697814941,10.851118087768555,315,240,180,6.970201650403643,"{""type"":""Point"",""coordinates"":[-111.02466166657207,35.028535241790166]}"
366,1567.0,-23.376028060913086,-13.466691970825195,9.90933609008789,315,270,180,10.391749904935871,"{""type"":""Point"",""coordinates"":[-111.02489437489358,35.02872714701394]}"
367,1572.0,-22.872953414916992,-11.9596529006958,10.913300514221191,315,300,158,6.970238916529142,"{""type"":""Point"",""coordinates"":[-111.02512708321508,35.028919052237704]}"
368,1574.0,-21.762239456176758,-11.969810485839844,9.79242992401123,315,330,148,12.429437674283271,"{""type"":""Point"",""coordinates"":[-111.0253597915366,35.029110957461484]}"
369,1580.0,-19.853382110595703,-9.106563568115234,10.746818542480469,315,360,119,22.296837556418275,"{""type"":""Point"",""coordinates"":[-111.0255924998581,35.029302862685256]}"
370,1586.0,-16.29228401184082,-9.356977462768555,6.935305595397949,315,390,180,16.99553849503874,"{""type"":""Point"",""coordinates"":[-111.02582520817963,35.02949476790902]}"
371,1595.0,-15.130780220031738,-6.893623352050781,8.237156867980957,315,420,180,0.0,"{""type"":""Point"",""coordinates"":[-111.02605791650112,35.02968667313279]}"
372,1611.0,-13.424668312072754,-5.781826019287109,7.6428422927856445,315,450,117,34.87581037038528,"{""type"":""Point"",""coordinates"":[-111.02629062482262,35.02987857835656]}"
373,1611.0,-12.569002151489258,-5.444170951843262,7.124831199645996,315,480,93,28.818070465707557,"{""type"":""Point"",""coordinates"":[-111.02652333314414,35.03007048358033]}"
374,1632.0,-12.44862174987793,-3.692809820175171,8.75581169128418,315,510,74,36.262129084793436,"{""type"":""Point"",""coordinates"":[-111.02675604146566,35.0302623888041]}"
375,1656.0,-11.124146461486816,-1.230751872062683,9.893394470214844,315,540,180,36.262202858653154,"{""type"":""Point"",""coordinates"":[-111.02698874978717,35.03045429402788]}"
376,1668.0,-9.595653533935547,-0.12648771703243256,9.469165802001953,315,570,180,46.10151793206879,"{""type"":""Point"",""coordinates"":[-111.02722145810866,35.03064619925164]}"
377,1705.0,-8.302766799926758,1.4367094039916992,9.739476203918457,315,600,41,50.719315858512296,"{""type"":""Point"",""coordinates"":[-111.02745416643018,35.03083810447541]}"
378,1720.0,-9.854690551757812,-0.8077370524406433,9.046953201293945,315,630,140,23.788662183923677,"{""type"":""Point"",""coordinates"":[-111.02768687475168,35.03103000969918]}"
379,1718.0,-20.154760360717773,-11.378287315368652,8.776473045349121,315,660,202,9.809614247405177,"{""type"":""Point"",""coordinates"":[-111.0279195830732,35.03122191492295]}"
380,1716.0,-20.5035400390625,-12.636643409729004,7.866897106170654,315,690,202,6.970450101308743,"{""type"":""Point"",""coordinates"":[-111.02815229139469,35.03141382014673]}"
381,1714.0,-19.73343276977539,-11.402081489562988,8.331351280212402,315,720,213,10.392106699279912,"{""type"":""Point"",""coordinates"":[-111.0283849997162,35.031605725370504]}"
382,1709.0,-20.527647018432617,-11.827200889587402,8.700446128845215,315,750,180,6.970481160073635,"{""type"":""Point"",""coordinates"":[-111.02861770803773,35.03179763059427]}"
383,1707.0,-20.506628036499023,-12.297534942626953,8.209094047546387,315,780,180,0.0,"{""type"":""Point"",""coordinates"":[-111.02885041635922,35.031989535818035]}"
384,1705.0,-19.62762451171875,-11.273406028747559,8.354217529296875,315,810,180,0.0,"{""type"":""Point"",""coordinates"":[-111.02908312468074,35.0321814410418]}"
385,1703.0,-20.274730682373047,-10.227392196655273,10.047338485717773,315,840,223,15.290310146606243,"{""type"":""Point"",""coordinates"":[-111.02931583300223,35.03237334626558]}"
386,1699.0,-20.80411720275879,-14.47839069366455,6.325727462768555,315,870,223,13.740647932416744,"{""type"":""Point"",""coordinates"":[-111.02954854132373,35.032565251489345]}"
387,1695.0,-26.386905670166016,-16.331083297729492,10.055822372436523,315,900,180,0.0,"{""type"":""Point"",""coordinates"":[-111.02978124964525,35.032757156713124]}"
388,1693.0,-26.476221084594727,-17.748493194580078,8.727727890014648,315,930,180,3.4982314764260307,"{""type"":""Point"",""coordinates"":[-111.03001395796676,35.03294906193689]}"
389,1690.0,-28.39189910888672,-16.733291625976562,11.658608436584473,315,960,180,0.0,"{""type"":""Point"",""coordinates"":[-111.03024666628826,35.033140967160655]}"
390,1690.0,-27.725040435791016,-16.34067726135254,11.384363174438477,315,990,180,0.0,"{""type"":""Point"",""coordinates"":[-111.03047937460978,35.03333287238443]}"
391,1692.0,-27.09058952331543,-15.894475936889648,11.196113586425781,315,1020,169,3.498256601888735,"{""type"":""Point"",""coordinates"":[-111.0307120829313,35.0335247776082]}"
392,1692.0,-27.430419921875,-16.351600646972656,11.078819274902344,315,1050,202,12.430120528859437,"{""type"":""Point"",""coordinates"":[-111.0309447912528,35.03371668283197]}"
393,1687.0,-26.822856903076172,-15.728257179260254,11.094599723815918,315,1080,223,13.740874001831312,"{""type"":""Point"",""coordinates"":[-111.0311774995743,35.03390858805574]}"
394,1682.0,-26.367919921875,-14.647549629211426,11.72037124633789,315,1110,180,3.498281728205357,"{""type"":""Point"",""coordinates"":[-111.03141020789582,35.03410049327951]}"
395,1681.0,-26.609516143798828,-15.53896713256836,11.070549011230469,315,1140,180,3.4982911507219883,"{""type"":""Point"",""coordinates"":[-111.03164291621731,35.03429239850328]}"
396,1681.0,-23.884023666381836,-15.147582054138184,8.736440658569336,315,1170,180,0.0,"{""type"":""Point"",""coordinates"":[-111.03187562453883,35.03448430372706]}"
397,1680.0,-26.129657745361328,-14.905913352966309,11.223743438720703,315,1200,180,0.0,"{""type"":""Point"",""coordinates"":[-111.03210833286033,35.03467620895082]}"
398,1680.0,-28.811058044433594,-14.736241340637207,14.07481575012207,315,1230,180,0.0,"{""type"":""Point"",""coordinates"":[-111.03234104118184,35.03486811417459]}"
399,1680.0,-27.633590698242188,-15.252800941467285,12.380790710449219,315,1260,180,0.0,"{""type"":""Point"",""coordinates"":[-111.03257374950336,35.035060019398365]}"
400,1678.0,-26.703632354736328,-15.2131986618042,11.490433692932129,315,1290,180,0.0,"{""type"":""Point"",""coordinates"":[-111.03280645782488,35.03525192462214]}"
401,1678.0,-26.81133270263672,-16.278728485107422,10.532604217529297,315,1320,180,0.0,"{""type"":""Point"",""coordinates"":[-111.03303916614638,35.03544382984591]}"
402,1680.0,-27.79436683654785,-18.133777618408203,9.660589218139648,315,1350,158,6.970804191416102,"{""type"":""Point"",""coordinates"":[-111.03327187446787,35.03563573506968]}"
403,1682.0,-27.725379943847656,-17.24641227722168,10.478968620300293,315,1380,158,6.970822829220976,"{""type"":""Point"",""coordinates"":[-111.03350458278939,35.03582764029345]}"
404,1682.0,-29.513816833496094,-18.662349700927734,10.851466178894043,315,1410,158,6.970835255054186,"{""type"":""Point"",""coordinates"":[-111.0337372911109,35.03601954551722]}"
405,1684.0,-28.446556091308594,-17.631193161010742,10.815361976623535,315,1440,180,6.970853893003986,"{""type"":""Point"",""coordinates"":[-111.03396999943241,35.036211450740986]}"
406,1684.0,-30.65840721130371,-17.18537139892578,13.473034858703613,315,1470,191,3.4983790971789563,"{""type"":""Point"",""coordinates"":[-111.0342027077539,35.03640335596476]}"
407,1684.0,-28.15984344482422,-17.67686653137207,10.482976913452148,315,1500,180,3.4983885204261806,"{""type"":""Point"",""coordinates"":[-111.03443541607541,35.03659526118853]}"
